<?xml version="1.0" encoding="UTF-8"?>
<lint>
    <issue id="UseCompoundDrawables">
        <ignore path="src/main/res/layout/demo_header_layout.xml" />
    </issue>
    <issue id="NestedWeights">
        <ignore path="src/main/res/layout/demo_print_fragment.xml" />
    </issue>
    <issue id="NewApi">
        <ignore path="src/main/res/values/styles.xml" />
    </issue>
    <issue id="UnusedAttribute">
        <ignore path="src/main/res/layout-sw600dp-land/connected_printer.xml" />
        <ignore path="src/main/res/layout/connected_printer.xml" />
        <ignore path="src/main/res/layout/demo_print_fragment.xml" />
        <ignore path="src/main/res/layout/no_printer_selected.xml" />
        <ignore path="src/main/res/layout/print_connect_installed.xml" />
        <ignore path="src/main/res/layout/no_printer_selected_fragment.xml" />
        <ignore path="src/main/res/layout/print_connect_not_installed.xml" />
        <ignore path="src/main/res/layout/print_connect_not_installed_fragment.xml" />
        <ignore path="src/main/res/layout/zebra_print_connect.xml" />
        <ignore path="src/main/res/layout/available_demos_fragment.xml" />
    </issue>
    <issue id="UnusedResources">
        <ignore path="src/main/res/values/colors.xml" />
        <ignore path="src/main/res/values/dimens.xml" />
    </issue>
    <issue id="UselessParent">
        <ignore path="src/main/res/layout/fragment_container.xml" />
        <ignore path="src/main/res/layout-sw600dp-land/fragment_container.xml" />
    </issue>
    <issue id="TextFields">
        <ignore path="src/main/res/layout/print_demo_list_item.xml" />
    </issue>
    <issue id="Overdraw" severity="ignore" />
    <issue id="IconLocation" severity="ignore" />
</lint>